"Date","Value.V1"
2013-04-15,1
2013-04-16,1.01980625924198
2013-04-17,0.999794522346923
2013-04-18,0.984480959777219
2013-04-19,1.00586509691191
2013-04-22,1.0138940992371
2013-04-23,1.02952820367496
2013-04-24,1.02773277394146
2013-04-25,1.03474089823769
2013-04-26,1.03408715549007
2013-04-29,1.04392320471117
2013-04-30,1.04744703972324
2013-05-01,1.03569255858269
2013-05-02,1.05296316008887
2013-05-03,1.06853566588902
2013-05-06,1.07314286827879
2013-05-07,1.07329767696149
2013-05-08,1.0788445874487
2013-05-09,1.07728966116562
2013-05-10,1.09219768632143
2013-05-13,1.09634006095354
2013-05-14,1.10994097209691
2013-05-15,1.1130466944919
2013-05-16,1.10694575813045
2013-05-17,1.11961138272425
2013-05-20,1.11697002225564
2013-05-21,1.1184359168845
2013-05-22,1.10263848098761
2013-05-23,1.10185046851001
2013-05-24,1.09969194779393
2013-05-28,1.11342310509719
2013-05-29,1.10197858071856
2013-05-30,1.1115682468548
2013-05-31,1.09413567576791
2013-06-03,1.09175277767185
2013-06-04,1.08081525503038
2013-06-05,1.06099802272001
2013-06-06,1.07348199320777
2013-06-07,1.09378982570467
2013-06-10,1.0927434472621
2013-06-11,1.07721629685033
2013-06-12,1.06379913807725
2013-06-13,1.08237356469124
2013-06-14,1.07362620416745
2013-06-17,1.08409601625723
2013-06-18,1.09602555076602
2013-06-19,1.08043642104064
2013-06-20,1.04375059003594
2013-06-21,1.04066325906491
2013-06-24,1.0270495262778
2013-06-25,1.03791424902804
2013-06-26,1.05442498743411
2013-06-27,1.06747227712685
2013-06-28,1.06379004933833
2013-07-01,1.07692918937355
2013-07-02,1.07490219726295
2013-07-03,1.07844435172685
2013-07-05,1.09359561966297
2013-07-08,1.09415475679832
2013-07-09,1.10477168896727
2013-07-10,1.11218617823583
2013-07-11,1.14155154432275
2013-07-12,1.15027697450093
2013-07-15,1.15345607890502
2013-07-16,1.14661377438907
2013-07-17,1.15189898550104
2013-07-18,1.15141964178248
2013-07-19,1.14587784041129
2013-07-22,1.14882685060245
2013-07-23,1.14210250062114
2013-07-24,1.1411725671866
2013-07-25,1.14642834176393
2013-07-26,1.14870321637567
2013-07-29,1.14311027346995
2013-07-30,1.15121444774001
2013-07-31,1.15716660506652
2013-08-01,1.17498918227435
2013-08-02,1.17734760498712
2013-08-05,1.17857173328586
2013-08-06,1.16556325669401
2013-08-07,1.15669012534424
2013-08-08,1.16519245687019
2013-08-09,1.16118383383169
2013-08-12,1.1620230689759
2013-08-13,1.16437404418424
2013-08-14,1.15520817338797
2013-08-15,1.1298446087978
2013-08-16,1.12787940200712
2013-08-19,1.1198963971096
2013-08-20,1.13126264483391
2013-08-21,1.12915011190181
2013-08-22,1.14506074865653
2013-08-23,1.15013110394766
2013-08-26,1.15272619602172
2013-08-27,1.11969318416549
2013-08-28,1.12564574448428
2013-08-29,1.13619697926354
2013-08-30,1.12672552984331
2013-09-03,1.13609122031738
2013-09-04,1.15168982854598
2013-09-05,1.15512519031253
2013-09-06,1.15623478464044
2013-09-09,1.17692708280756
2013-09-10,1.187099089379
2013-09-11,1.18850287429052
2013-09-12,1.1852704179984
2013-09-13,1.18737360242102
2013-09-16,1.1910715415558
2013-09-17,1.19995457296777
2013-09-18,1.21958455375784
2013-09-19,1.22060387946614
2013-09-20,1.21197102095788
2013-09-23,1.20152357032853
2013-09-24,1.20003630299695
2013-09-25,1.19758618927649
2013-09-26,1.20892295866002
2013-09-27,1.20386642808245
2013-09-30,1.19768572131868
2013-10-01,1.21592756405975
2013-10-02,1.21412998172722
2013-10-03,1.19723096005721
2013-10-04,1.2094375437085
2013-10-07,1.192122585691
2013-10-08,1.15944241978461
2013-10-09,1.15160906385125
2013-10-10,1.18587248252127
2013-10-11,1.19781010307746
2013-10-14,1.20697315627329
2013-10-15,1.19434255728205
2013-10-16,1.21702492605831
2013-10-17,1.22752250165797
2013-10-18,1.24193272048443
2013-10-21,1.23994541842434
2013-10-22,1.24895365541587
2013-10-23,1.24037494576269
2013-10-24,1.24936322949932
2013-10-25,1.25545085296928
2013-10-28,1.25427620870416
2013-10-29,1.26099790011473
2013-10-30,1.25056146379872
2013-10-31,1.24646853399556
2013-11-01,1.24989139397138
2013-11-04,1.25871079392638
2013-11-05,1.25589239713175
2013-11-06,1.25292143003414
2013-11-07,1.22384037284824
2013-11-08,1.24881880531154
2013-11-11,1.25235095999762
2013-11-12,1.25294763596318
2013-11-13,1.27048825312479
2013-11-14,1.27609807020744
2013-11-15,1.28318718414997
2013-11-18,1.2682846101676
2013-11-19,1.25870920133876
2013-11-20,1.25854580372542
2013-11-21,1.27763231374979
2013-11-22,1.28734048049258
2013-11-25,1.28655700943814
2013-11-26,1.29254705807683
2013-11-27,1.30122132245466
2013-11-29,1.30498577047257
2013-12-02,1.29807648328268
2013-12-03,1.2931852948517
2013-12-04,1.29377520712538
2013-12-05,1.28993832191031
2013-12-06,1.30471161084541
2013-12-09,1.30690590475475
2013-12-10,1.3031663213875
2013-12-11,1.27626443847274
2013-12-12,1.2720713100658
2013-12-13,1.27557700354749
2013-12-16,1.28467738534895
2013-12-17,1.28194550510373
2013-12-18,1.30693102445549
2013-12-19,1.30418160749698
2013-12-20,1.32081727961203
2013-12-23,1.33673980423151
2013-12-24,1.34046278720489
2013-12-26,1.34619920011317
2013-12-27,1.34345129270673
2013-12-30,1.34477417341692
2013-12-31,1.35139319335387
2014-01-02,1.34125695094085
2014-01-03,1.3365125243979
2014-01-06,1.32768549680722
2014-01-07,1.34588715824004
2014-01-08,1.35327889860229
2014-01-09,1.35371200991923
2014-01-10,1.36452972750684
2014-01-13,1.33515823039612
2014-01-14,1.36924137348164
2014-01-15,1.38240935064728
2014-01-16,1.38642211503409
2014-01-17,1.37828157511529
2014-01-21,1.39008112249675
2014-01-22,1.39541365482866
2014-01-23,1.38580524756503
2014-01-24,1.34299696483606
2014-01-27,1.32414007527215
2014-01-28,1.33960852307611
2014-01-29,1.32194538147396
2014-01-30,1.35073649632123
2014-01-31,1.3420683845669
2014-02-03,1.29489949111951
2014-02-04,1.30761797850915
2014-02-05,1.30162348015269
2014-02-06,1.31917874867806
2014-02-07,1.35234567335564
2014-02-10,1.3626368161257
2014-02-11,1.37976122353784
2014-02-12,1.38420267815541
2014-02-13,1.40102290631477
2014-02-14,1.40353270675698
2014-02-18,1.41794173881284
2014-02-19,1.40295046780528
2014-02-20,1.4193085137907
2014-02-21,1.42197778578001
2014-02-24,1.43436526059848
2014-02-25,1.44645742258702
2014-02-26,1.44696176344149
2014-02-27,1.4582477425522
2014-02-28,1.44778989406341
2014-03-03,1.43588811735639
2014-03-04,1.46821156247534
2014-03-05,1.46948725711083
2014-03-06,1.46253100400831
2014-03-07,1.45525938444624
2014-03-10,1.45178752759732
2014-03-11,1.44143741925244
2014-03-12,1.44777535159019
2014-03-13,1.41767693496027
2014-03-14,1.40983372753877
2014-03-17,1.42527841374356
2014-03-18,1.45252492043439
2014-03-19,1.44132689709518
2014-03-20,1.44488037419748
2014-03-21,1.41609158820379
2014-03-24,1.39550867063891
2014-03-25,1.39781403878116
2014-03-26,1.37180310828732
2014-03-27,1.36975180316011
2014-03-28,1.36698071101212
2014-03-31,1.38858855529456
2014-04-01,1.41759644558906
2014-04-02,1.42185754281182
2014-04-03,1.40049324373615
2014-04-04,1.35888579147922
2014-04-07,1.33936451834762
2014-04-08,1.35089078866952
2014-04-09,1.38230858987112
2014-04-10,1.32433983018336
2014-04-11,1.2987354954201
2014-04-14,1.30881646758212
2014-04-15,1.3182712558355
2014-04-16,1.34158371363039
2014-04-17,1.34415541944625
2014-04-21,1.35536572035391
2014-04-22,1.3747269701527
2014-04-23,1.35795297721606
2014-04-24,1.36455107354303
2014-04-25,1.33327101279215
2014-04-28,1.33120906735212
2014-04-29,1.3471977626346
2014-04-30,1.35505607195316
2014-05-01,1.3603132679972
2014-05-02,1.35631779864768
2014-05-05,1.36460399684028
2014-05-06,1.34096262760184
2014-05-07,1.33733323960161
2014-05-08,1.32981335930141
2014-05-09,1.3396206664854
2014-05-12,1.37079012437372
2014-05-13,1.36692384259239
2014-05-14,1.35690636749384
2014-05-15,1.34116953095946
2014-05-16,1.34976755196291
2014-05-19,1.3649247020388
2014-05-20,1.3511809155854
2014-05-21,1.36500472331817
2014-05-22,1.37725610114286
2014-05-23,1.38908109405097
2014-05-27,1.40898197873793
2014-05-28,1.40315721596566
2014-05-29,1.4152014311966
2014-05-30,1.4104890908691
2014-06-02,1.40769739327752
2014-06-03,1.4066007492002
2014-06-04,1.41395587400549
2014-06-05,1.43096238041463
2014-06-06,1.44163855037631
2014-06-09,1.44571308388495
2014-06-10,1.44717941422106
2014-06-11,1.44472650151562
2014-06-12,1.43185047858632
2014-06-13,1.43940577162364
2014-06-16,1.44634016732273
2014-06-17,1.45401725938016
2014-06-18,1.46720636905273
2014-06-19,1.46601964644451
2014-06-20,1.46873081809876
2014-06-23,1.46766597138879
2014-06-24,1.46217162594746
2014-06-25,1.47222568550337
2014-06-26,1.47139159182202
2014-06-27,1.47903825876283
2014-06-30,1.48289066470068
2014-07-01,1.50526134877657
2014-07-02,1.50506354353062
2014-07-03,1.51520169337991
2014-07-07,1.49809729553288
2014-07-08,1.47212609558786
2014-07-09,1.48417447717933
2014-07-10,1.47605145499011
2014-07-11,1.48395296442754
2014-07-14,1.49534617128963
2014-07-15,1.48383065719665
2014-07-16,1.48723074132684
2014-07-17,1.45960302593133
2014-07-18,1.48825442184482
2014-07-21,1.48598875335278
2014-07-22,1.49948281989971
2014-07-23,1.5087542755354
2014-07-24,1.50517867135733
2014-07-25,1.49508483824658
2014-07-28,1.4930556263471
2014-07-29,1.49524796367879
2014-07-30,1.50311006193184
2014-07-31,1.46038499698011
2014-08-01,1.45337014182497
2014-08-04,1.46769166962123
2014-08-05,1.45763871628149
2014-08-06,1.45907219395912
2014-08-07,1.45150550315641
2014-08-08,1.46807184969033
2014-08-11,1.48065565663883
2014-08-12,1.47577385849956
2014-08-13,1.49645958692214
2014-08-14,1.50912797678737
2014-08-15,1.51277917325505
2014-08-18,1.53236906888722
2014-08-19,1.54478849592079
2014-08-20,1.54805684720852
2014-08-21,1.54938697439612
2014-08-22,1.55366282196381
2014-08-25,1.56764406152067
2014-08-26,1.57391692848123
2014-08-27,1.57182792518751
2014-08-28,1.56656056881953
2014-08-29,1.57914895096932
2014-09-02,1.58515106781306
2014-09-03,1.57787866626871
2014-09-04,1.57273213475688
2014-09-05,1.5819317659434
2014-09-08,1.58684928927585
2014-09-09,1.56825765883533
2014-09-10,1.58400835197788
2014-09-11,1.58412389947004
2014-09-12,1.56937172281096
2014-09-15,1.54792728132004
2014-09-16,1.56581848127705
2014-09-17,1.56927737922371
2014-09-18,1.58253898953705
2014-09-19,1.57699756794375
2014-09-22,1.55472084927026
2014-09-23,1.54558688220753
2014-09-24,1.56975726592248
2014-09-25,1.53044252903979
2014-09-26,1.54864316931978
2014-09-29,1.54741072949835
2014-09-30,1.54056513538985
2014-10-01,1.50922369565995
2014-10-02,1.51142890654009
2014-10-03,1.53531864242761
2014-10-06,1.52538808991704
2014-10-07,1.4927208303672
2014-10-08,1.5321070646974
2014-10-09,1.49105890647066
2014-10-10,1.45014259259863
2014-10-13,1.41695704087008
2014-10-14,1.4191813286679
2014-10-15,1.41659249390095
2014-10-16,1.41672874723549
2014-10-17,1.4415246389869
2014-10-20,1.46551692859525
2014-10-21,1.51088795356512
2014-10-22,1.49485954391547
2014-10-23,1.52717181597907
2014-10-24,1.54600989047439
2014-10-27,1.54836932077485
2014-10-28,1.57887775328562
2014-10-29,1.57044955924672
2014-10-30,1.5838603024025
2014-10-31,1.60953121066385
2014-11-03,1.61391388453136
2014-11-04,1.6061275914248
2014-11-05,1.6019935004069
2014-11-06,1.61591933571952
2014-11-07,1.61129640888286
2014-11-10,1.62334567680141
2014-11-11,1.62896443678528
2014-11-12,1.63099265799633
2014-11-13,1.63272657154802
2014-11-14,1.63098256951052
2014-11-17,1.62616165899841
2014-11-18,1.64568252157238
2014-11-19,1.63544462755562
2014-11-20,1.64370128723088
2014-11-21,1.65250726352431
2014-11-24,1.66966158289481
2014-11-25,1.67155907684388
2014-11-26,1.68446633047278
2014-11-28,1.68846304559353
2014-12-01,1.66333189987116
2014-12-02,1.67651611314145
2014-12-03,1.68346159148672
2014-12-04,1.67922903090509
2014-12-05,1.68467874081634
2014-12-08,1.67219007991382
2014-12-09,1.67886515369494
2014-12-10,1.63797952034677
2014-12-11,1.64614030619187
2014-12-12,1.62086713005025
2014-12-15,1.59760278792144
2014-12-16,1.57003601987165
2014-12-17,1.61502715561879
2014-12-18,1.67043919156933
2014-12-19,1.68149886632077
2014-12-22,1.68443425537721
2014-12-23,1.67116195279545
2014-12-24,1.67637190687337
2014-12-26,1.69283479119907
2014-12-29,1.69236473951857
2014-12-30,1.67566879791633
2014-12-31,1.65720426759855
2015-01-02,1.65398777162152
2015-01-05,1.62458331179769
2015-01-06,1.59559943322673
2015-01-07,1.62733155969933
2015-01-08,1.66753912207618
2015-01-09,1.65251672629458
2015-01-12,1.64064242790515
2015-01-13,1.6391002311181
2015-01-14,1.62942440470057
2015-01-15,1.59620218765645
2015-01-16,1.62886680759632
2015-01-20,1.63923084598485
2015-01-21,1.6436067551411
2015-01-22,1.67964014697942
2015-01-23,1.68227167407464
2015-01-26,1.69221682810726
2015-01-27,1.65443021599461
2015-01-28,1.62935525543105
2015-01-29,1.65216623331807
2015-01-30,1.62940365516199
2015-02-02,1.6460499855563
2015-02-03,1.66829298556233
2015-02-04,1.66138039546244
2015-02-05,1.68685193369219
2015-02-06,1.67475221625701
2015-02-09,1.66546396257168
2015-02-10,1.69553134937881
2015-02-11,1.69977803071939
2015-02-12,1.72716626286381
2015-02-13,1.74560898917864
2015-02-17,1.74981887740415
2015-02-18,1.75656913190862
2015-02-19,1.76412027286952
2015-02-20,1.78303759896603
2015-02-23,1.78349327216214
2015-02-24,1.7859136754686
2015-02-25,1.78954771800308
2015-02-26,1.79672488945937
2015-02-27,1.78595737352063
2015-03-02,1.8046846945596
2015-03-03,1.79077185896224
2015-03-04,1.78560712326408
2015-03-05,1.79985179330041
2015-03-06,1.76729490152708
2015-03-09,1.77377450176203
2015-03-10,1.73875725388122
2015-03-11,1.73492988394251
2015-03-12,1.75656507136608
2015-03-13,1.74908702849336
2015-03-16,1.78214617050977
2015-03-17,1.78358336864778
2015-03-18,1.80488630600669
2015-03-19,1.81146449358093
2015-03-20,1.82595879180349
2015-03-23,1.81452473693259
2015-03-24,1.80371695207231
2015-03-25,1.74315388609609
2015-03-26,1.73751186220096
2015-03-27,1.75611947925833
2015-03-30,1.78391032561819
2015-03-31,1.75887400762135
2015-04-01,1.74542515990837
2015-04-02,1.74965219530112
2015-04-06,1.76468388883236
2015-04-07,1.76207191218827
2015-04-08,1.7813276016258
2015-04-09,1.79151718316353
2015-04-10,1.80520462338643
2015-04-13,1.79793421227944
2015-04-14,1.79326689183429
2015-04-15,1.80722524407867
2015-04-16,1.80699861356624
2015-04-17,1.77042241277625
2015-04-20,1.79560394521341
2015-04-21,1.80619259518452
2015-04-22,1.81518296708867
2015-04-23,1.82575442611362
2015-04-24,1.83901579664283
2015-04-27,1.81670635756185
2015-04-28,1.81214406762792
2015-04-29,1.80366987403165
2015-04-30,1.76217234276559
2015-05-01,1.79528738504992
2015-05-04,1.80100697358887
2015-05-05,1.76671117536843
2015-05-06,1.75899926630115
2015-05-07,1.77386513823038
2015-05-08,1.80805207556707
2015-05-11,1.80163569473183
2015-05-12,1.79447561652838
2015-05-13,1.79790518658945
2015-05-14,1.82906509072342
2015-05-15,1.82897839894105
2015-05-18,1.84379583946454
2015-05-19,1.84145992113071
2015-05-20,1.84627975714811
2015-05-21,1.8540903478368
2015-05-22,1.85334435796293
2015-05-26,1.82603655439579
2015-05-27,1.85762708949538
2015-05-28,1.85218423741535
2015-05-29,1.83802279078696
2015-06-01,1.84199095426799
2015-06-02,1.83751827585181
2015-06-03,1.84729355906846
2015-06-04,1.82440837687294
2015-06-05,1.82770292156114
2015-06-08,1.80629230736218
2015-06-09,1.79852740393184
2015-06-10,1.83000296514769
2015-06-11,1.83808960619799
2015-06-12,1.8187161507221
2015-06-15,1.80700382075425
2015-06-16,1.82137128000194
2015-06-17,1.8283780232547
2015-06-18,1.86295076899146
2015-06-19,1.85566918349972
2015-06-22,1.8759152477952
2015-06-23,1.87975359608999
2015-06-24,1.85987923401403
2015-06-25,1.85499357675602
2015-06-26,1.84158575248239
2015-06-29,1.7818066990854
2015-06-30,1.79620548881502
2015-07-01,1.80781137136756
2015-07-02,1.80452835261403
2015-07-06,1.79954273442435
2015-07-07,1.80928930074093
2015-07-08,1.76563595521889
2015-07-09,1.77523372183724
2015-07-10,1.8079993699652
2015-07-13,1.84029185703511
2015-07-14,1.86177266339541
2015-07-15,1.86012776947356
2015-07-16,1.88721087525422
2015-07-17,1.90276997038907
2015-07-20,1.90733898709499
2015-07-21,1.8971923873262
2015-07-22,1.88297974943421
2015-07-23,1.87272405307661
2015-07-24,1.84126686381464
2015-07-27,1.8180788268333
2015-07-28,1.84764052948263
2015-07-29,1.85630034907589
2015-07-30,1.86476269924472
2015-07-31,1.86639351571977
2015-08-03,1.85740863157446
2015-08-04,1.85526749422702
2015-08-05,1.87372379102659
2015-08-06,1.82518245057555
2015-08-07,1.81801881263744
2015-08-10,1.8464272398909
2015-08-11,1.81876192553852
2015-08-12,1.82459534256307
2015-08-13,1.82179719827986
2015-08-14,1.82561631385827
2015-08-17,1.85228790652072
2015-08-18,1.84046657318303
2015-08-19,1.82064930498319
2015-08-20,1.74697546173099
2015-08-21,1.66558688619536
2015-08-24,1.57584798224177
2015-08-25,1.56078433751823
2015-08-26,1.64906484072277
2015-08-27,1.70242711583527
2015-08-28,1.70871220441651
2015-08-31,1.67878586553467
2015-09-01,1.61337047688185
2015-09-02,1.66670720848207
2015-09-03,1.66018024135544
2015-09-04,1.63564683629197
2015-09-08,1.69969359885369
2015-09-09,1.67017804848729
2015-09-10,1.6882725543452
2015-09-11,1.70446824092485
2015-09-14,1.69731470250222
2015-09-15,1.72541195023972
2015-09-16,1.73812090142065
2015-09-17,1.74403397499226
2015-09-18,1.71087843724234
2015-09-21,1.70415694687647
2015-09-22,1.67217399913762
2015-09-23,1.66782900944157
2015-09-24,1.65596756614284
2015-09-25,1.62899189949697
2015-09-28,1.55862510097984
2015-09-29,1.54737905230847
2015-09-30,1.59237294266318
2015-10-01,1.6019834759823
2015-10-02,1.64203876975851
2015-10-05,1.67353706726532
2015-10-06,1.64996544736169
2015-10-07,1.67008274074739
2015-10-08,1.67900013248974
2015-10-09,1.69116208994082
2015-10-12,1.69382884335074
2015-10-13,1.67050470079318
2015-10-14,1.66333674147404
2015-10-15,1.70602964787827
2015-10-16,1.715006765036
2015-10-19,1.72186335639084
2015-10-20,1.70540467222266
2015-10-21,1.68778060173769
2015-10-22,1.72515814605783
2015-10-23,1.7722561449437
2015-10-26,1.77564092604408
2015-10-27,1.78068882830326
2015-10-28,1.80753352859166
2015-10-29,1.79639424374964
2015-10-30,1.78554775595029
2015-11-02,1.82515694037883
2015-11-03,1.83335495094356
2015-11-04,1.83661095757277
2015-11-05,1.82579413170226
2015-11-06,1.82883693117879
2015-11-09,1.80767950754279
2015-11-10,1.80772970745908
2015-11-11,1.79794941054039
2015-11-12,1.76664664368028
2015-11-13,1.73385267426478
2015-11-16,1.76334345635092
2015-11-17,1.76858822131063
2015-11-18,1.81102168694107
2015-11-19,1.80957078599804
2015-11-20,1.82247101466347
2015-11-23,1.82239789588358
2015-11-24,1.82425953652022
2015-11-25,1.83135035950691
2015-11-27,1.83624133517265
2015-11-30,1.82480569393254
2015-12-01,1.84926380193968
2015-12-02,1.83183440822826
2015-12-03,1.78628580005495
2015-12-04,1.83929954952984
2015-12-07,1.81593340368948
2015-12-08,1.81789772529461
2015-12-09,1.78187345909951
2015-12-10,1.79111037435193
2015-12-11,1.73901333579157
2015-12-14,1.75009174182422
2015-12-15,1.77692763487239
2015-12-16,1.81950891504081
2015-12-17,1.78599605039971
2015-12-18,1.74693508255254
2015-12-21,1.76807754894832
2015-12-22,1.78260612205423
2015-12-23,1.80454537384702
2015-12-24,1.80559196211907
2015-12-28,1.80190245617196
2015-12-29,1.83426976849146
2015-12-30,1.81594812715128
2015-12-31,1.78955050235194
2016-01-04,1.73905548594939
2016-01-05,1.73779629363804
2016-01-06,1.70750681384151
2016-01-07,1.63711675853712
2016-01-08,1.61299012927593
2016-01-11,1.6055430128727
2016-01-12,1.62812361776598
2016-01-13,1.55188004801018
2016-01-14,1.59139997953341
2016-01-15,1.53776141009387
2016-01-19,1.52853425793847
2016-01-20,1.52745036322642
2016-01-21,1.52437240906947
2016-01-22,1.57729793446785
2016-01-25,1.54335082537199
2016-01-26,1.56212891098692
2016-01-27,1.51598759996652
2016-01-28,1.51859700452754
2016-01-29,1.56234525195111
2016-02-01,1.56626460759169
2016-02-02,1.51348112871469
2016-02-03,1.51448654666202
2016-02-04,1.51779874142334
2016-02-05,1.44865880108512
2016-02-08,1.40715002378573
2016-02-09,1.40493988922389
2016-02-10,1.41335424794285
2016-02-11,1.40059464115612
2016-02-12,1.43520627525594
2016-02-16,1.47810046512101
2016-02-17,1.52428507631812
2016-02-18,1.50189661249685
2016-02-19,1.51057065117175
2016-02-22,1.53964888888413
2016-02-23,1.50918659721547
2016-02-24,1.52543563652019
2016-02-25,1.54911707991196
2016-02-26,1.55255724527205
2016-02-29,1.53395577075666
2016-03-01,1.59743214523535
2016-03-02,1.60457640629864
2016-03-03,1.60459096582731
2016-03-04,1.60737903522636
2016-03-07,1.60511825201497
2016-03-08,1.57683850825143
2016-03-09,1.58725517397968
2016-03-10,1.58074469391133
2016-03-11,1.6207286112094
2016-03-14,1.62281913343763
2016-03-15,1.60848229808449
2016-03-16,1.62418879499117
2016-03-17,1.62858731599454
2016-03-18,1.6410842433582
2016-03-21,1.64727684389516
2016-03-22,1.6562311950708
2016-03-23,1.62494002466021
2016-03-24,1.62802858639712
2016-03-28,1.62369231012495
2016-03-29,1.65695248247779
2016-03-30,1.66517391353342
2016-03-31,1.67114518809553
2016-04-01,1.69481775335151
2016-04-04,1.68828195099746
2016-04-05,1.67075224242949
2016-04-06,1.71386128215038
2016-04-07,1.68117786261251
2016-04-08,1.68003329606008
2016-04-11,1.66704648376785
2016-04-12,1.68305776925757
2016-04-13,1.71803667223307
2016-04-14,1.71698881901054
2016-04-15,1.71509605650685
2016-04-18,1.7321613833286
2016-04-19,1.7189388227705
2016-04-20,1.72332936271298
2016-04-21,1.73031789754218
2016-04-22,1.71340134107038
2016-04-25,1.70900251856375
2016-04-26,1.7045595366409
2016-04-27,1.69614783009538
2016-04-28,1.66809554453081
2016-04-29,1.65079049700355
2016-05-02,1.67123161006262
2016-05-03,1.64269618432246
2016-05-04,1.62028395300767
2016-05-05,1.61876717948946
2016-05-06,1.62744473813778
2016-05-09,1.63868049852612
2016-05-10,1.66477573693371
2016-05-11,1.64231233418121
2016-05-12,1.63341488353437
2016-05-13,1.62697155104299
2016-05-16,1.65595681610871
2016-05-17,1.63113990748898
2016-05-18,1.63977180517436
2016-05-19,1.62778809644554
2016-05-20,1.65273400731829
2016-05-23,1.65343327991439
2016-05-24,1.69690644879785
2016-05-25,1.71157865367629
2016-05-26,1.71156171013052
2016-05-27,1.7256541005628
2016-05-31,1.73251584780716
2016-06-01,1.73644420340765
2016-06-02,1.74876312519383
2016-06-03,1.73430957966635
2016-06-06,1.74978580817528
2016-06-07,1.74618147943304
2016-06-08,1.7523204692087
2016-06-09,1.74089655842571
2016-06-10,1.70873508469056
2016-06-13,1.6877336085106
2016-06-14,1.6861449014194
2016-06-15,1.68388702661532
2016-06-16,1.68911057664567
2016-06-17,1.6686078509156
2016-06-20,1.68763032829049
2016-06-21,1.68787164523284
2016-06-22,1.68037024017344
2016-06-23,1.71602763469848
2016-06-24,1.61929268709925
2016-06-27,1.56706028860124
2016-06-28,1.6144407477578
2016-06-29,1.65585344367179
2016-06-30,1.68438004082955
2016-07-01,1.69816216832051
2016-07-05,1.68069107805172
2016-07-06,1.70016998138293
2016-07-07,1.70741408163823
2016-07-08,1.7444915223393
2016-07-11,1.75644088016366
2016-07-12,1.7715424171377
2016-07-13,1.76209806040772
2016-07-14,1.773508292645
2016-07-15,1.77327768293028
2016-07-18,1.78362374534262
2016-07-19,1.77297946090683
2016-07-20,1.80098708235398
2016-07-21,1.79492710657843
2016-07-22,1.80694447595176
2016-07-25,1.80813219238715
2016-07-26,1.8139628362566
2016-07-27,1.82230437351495
2016-07-28,1.82855402055375
2016-07-29,1.83455735014048
2016-08-01,1.846577503265
2016-08-02,1.82446688678828
2016-08-03,1.83573221418056
2016-08-04,1.83678434580921
2016-08-05,1.85955457822392
2016-08-08,1.85325964523567
2016-08-09,1.85589239075605
2016-08-10,1.84196912250066
2016-08-11,1.85570581349661
2016-08-12,1.8556185817738
2016-08-15,1.86961745705336
2016-08-16,1.85111078420113
2016-08-17,1.84948850749205
2016-08-18,1.85494353205347
2016-08-19,1.85372735358689
2016-08-22,1.86093115302114
2016-08-23,1.87176489391604
2016-08-24,1.84682523379561
2016-08-25,1.84371856004577
2016-08-26,1.84692700272363
2016-08-29,1.85223883603095
2016-08-30,1.84540054014242
2016-08-31,1.83889649259591
2016-09-01,1.84296418709367
2016-09-02,1.85273047851793
2016-09-06,1.86954829515736
2016-09-07,1.87523440802981
2016-09-08,1.86550626591423
2016-09-09,1.79884848945101
2016-09-12,1.8406439239086
2016-09-13,1.80955078816949
2016-09-14,1.81819248804249
2016-09-15,1.85075537440417
2016-09-16,1.8384579752287
2016-09-19,1.83543711972282
2016-09-20,1.83974359988371
2016-09-21,1.86751091660617
2016-09-22,1.88826646779941
2016-09-23,1.87158239599396
2016-09-26,1.84979525907469
2016-09-27,1.87397127779793
2016-09-28,1.87880679819014
2016-09-29,1.85126267827088
2016-09-30,1.87183822628023
2016-10-03,1.86609214634881
2016-10-04,1.85910662533657
2016-10-05,1.86989112908312
2016-10-06,1.86110444594276
2016-10-07,1.85241361289835
2016-10-10,1.86811854013675
2016-10-11,1.82341989428535
2016-10-12,1.81567399659339
2016-10-13,1.80623949618598
2016-10-14,1.80484520126339
2016-10-17,1.7974172235773
2016-10-18,1.81838544249482
2016-10-19,1.81669611282857
2016-10-20,1.81568598166371
2016-10-21,1.82310839039775
2016-10-24,1.84410089343039
2016-10-25,1.82933364012128
2016-10-26,1.81681836300858
2016-10-27,1.80367961792709
2016-10-28,1.793650718731
2016-10-31,1.79252798390416
2016-11-01,1.77894456586757
2016-11-02,1.75549317519237
2016-11-03,1.73501851620307
2016-11-04,1.73395642720341
2016-11-07,1.79315940845331
2016-11-08,1.80676577629581
2016-11-09,1.84118376759432
2016-11-10,1.82506222439997
2016-11-11,1.82984049906539
2016-11-14,1.82489679701827
2016-11-15,1.84730846483154
2016-11-16,1.84865037663749
2016-11-17,1.87104355027652
2016-11-18,1.86120821086353
2016-11-21,1.88065884992941
2016-11-22,1.88111149026199
2016-11-23,1.87982678388297
2016-11-25,1.88921908045366
2016-11-28,1.87359164596314
2016-11-29,1.88011353375259
2016-11-30,1.84789036151309
2016-12-01,1.8065549144225
2016-12-02,1.80992872545759
2016-12-05,1.83424409246456
2016-12-06,1.84530311684072
2016-12-07,1.86828555626615
2016-12-08,1.87777821601046
2016-12-09,1.88961761947825
2016-12-12,1.87878341948682
2016-12-13,1.90210171417375
2016-12-14,1.88880292950179
2016-12-15,1.89836857683985
2016-12-16,1.88741892488637
2016-12-19,1.89240888900992
2016-12-20,1.90389129150488
2016-12-21,1.89318720250796
2016-12-22,1.87945530671707
2016-12-23,1.88892406103828
2016-12-27,1.89844144361353
2016-12-28,1.87365522969605
2016-12-29,1.8703950349562
2016-12-30,1.84982588812523
2017-01-03,1.87317337868817
2017-01-04,1.9026623310839
2017-01-05,1.9087268676136
2017-01-06,1.92795391509457
2017-01-09,1.93164089628132
2017-01-10,1.9385319943116
2017-01-11,1.93787321916431
2017-01-12,1.93601730024953
2017-01-13,1.94601499429515
2017-01-17,1.92833825241314
2017-01-18,1.93798649258882
2017-01-19,1.93138758604136
2017-01-20,1.93787312699134
2017-01-23,1.93361271796587
2017-01-24,1.95629326089079
2017-01-25,1.9824304014386
2017-01-26,1.97816747388252
2017-01-27,1.98315288665125
2017-01-30,1.96264851182495
2017-01-31,1.96953980092143
2017-02-01,1.97771749738796
2017-02-02,1.97841463415275
2017-02-03,1.99504197100086
2017-02-06,1.99493627590245
2017-02-07,1.99927399810316
2017-02-08,2.00229073138025
2017-02-09,2.02047441278257
2017-02-10,2.03392216032019
2017-02-13,2.04909578835318
2017-02-14,2.06111718099842
2017-02-15,2.08079325611014
2017-02-16,2.07755924653845
2017-02-17,2.08992884932885
2017-02-21,2.10391980109649
2017-02-22,2.09875831530227
2017-02-23,2.09022223440244
2017-02-24,2.09771620702605
2017-02-27,2.11245294897565
2017-02-28,2.0998398274688
2017-03-01,2.1383545765957
2017-03-02,2.12150393165515
2017-03-03,2.12606131915008
2017-03-06,2.11597374423583
2017-03-07,2.10626483875879
2017-03-08,2.11466463164689
2017-03-09,2.11624369756632
2017-03-10,2.13086660757931
2017-03-13,2.13747287587674
2017-03-14,2.12504278021876
2017-03-15,2.14935910309674
2017-03-16,2.14831779588875
2017-03-17,2.14500132697354
2017-03-20,2.1472603496503
2017-03-21,2.09219642712532
2017-03-22,2.10698698857374
2017-03-23,2.10152518862833
2017-03-24,2.1049944735264
2017-03-27,2.11041309555334
2017-03-28,2.12675774961721
2017-03-29,2.13953346118276
2017-03-30,2.14299514484888
2017-03-31,2.14189719611899
2017-04-03,2.13270512883753
2017-04-04,2.13271768445562
2017-04-05,2.1173166849139
2017-04-06,2.1226776202736
2017-04-07,2.12351489537116
2017-04-10,2.12465339894141
2017-04-11,2.11937741576646
2017-04-12,2.10733316446665
2017-04-13,2.09823176624287
2017-04-17,2.12143394441035
2017-04-18,2.11636005714696
2017-04-19,2.12052739883316
2017-04-20,2.14299051395283
2017-04-21,2.13750651190894
2017-04-24,2.17465517177795
2017-04-25,2.19667425787692
2017-04-26,2.19517808191111
2017-04-27,2.21030414899279
2017-04-28,2.21014794567286
2017-05-01,2.23033917412821
2017-05-02,2.2310341429911
2017-05-03,2.22349359834778
2017-05-04,2.22991533809693
2017-05-05,2.24169973661247
2017-05-08,2.2354247663962
2017-05-09,2.24693259931898
2017-05-10,2.25271611475883
2017-05-11,2.24634451220315
2017-05-12,2.24981030096761
2017-05-15,2.26795371860262
2017-05-16,2.27852855085086
2017-05-17,2.19810589814789
2017-05-18,2.21979520888961
2017-05-19,2.23557385249723
2017-05-22,2.26205046703239
2017-05-23,2.26365078271856
2017-05-24,2.2796920519081
2017-05-25,2.30094594976599
2017-05-26,2.2987174719876
2017-05-30,2.29587951855128
2017-05-31,2.29649598742383
2017-06-01,2.3226965085005
2017-06-02,2.35438765520958
2017-06-05,2.349163871881
2017-06-06,2.33953858184393
2017-06-07,2.34777674865377
2017-06-08,2.3556016781456
2017-06-09,2.29565921258196
2017-06-12,2.28258818337529
2017-06-13,2.30849528799189
2017-06-14,2.30240804197396
2017-06-15,2.28727956609879
2017-06-16,2.28199161671334
2017-06-19,2.3282177859145
2017-06-20,2.30986089130091
2017-06-21,2.34321274240848
2017-06-22,2.35100244981849
2017-06-23,2.36451375272223
2017-06-26,2.3527669023317
2017-06-27,2.29561372707369
2017-06-28,2.33928165450369
2017-06-29,2.28899852713616
2017-06-30,2.28917795080408
2017-07-03,2.27083620663324
2017-07-05,2.2978337278272
2017-07-06,2.26348063496204
2017-07-07,2.29667152991134
2017-07-10,2.30632612368053
2017-07-11,2.31334080454172
2017-07-12,2.35150514986128
2017-07-13,2.35649903837433
2017-07-14,2.37518628334698
2017-07-17,2.37494214075684
2017-07-18,2.38962554062473
2017-07-19,2.41378889816574
2017-07-20,2.41971814959315
2017-07-21,2.41768588328252
2017-07-24,2.43160897258753
2017-07-25,2.42886497645158
2017-07-26,2.43598606404488
2017-07-27,2.4096484362403
2017-07-28,2.40770497485596
2017-07-31,2.39260051622486
2017-08-01,2.3968263897647
2017-08-02,2.39547077386007
2017-08-03,2.39152287136129
2017-08-04,2.39799665679794
2017-08-07,2.41321127393455
2017-08-08,2.40045287475308
2017-08-09,2.39562753902944
2017-08-10,2.32315299859029
2017-08-11,2.34593959328884
2017-08-14,2.38703431922371
2017-08-15,2.38739354592027
2017-08-16,2.39725609243232
2017-08-17,2.33274449404253
2017-08-18,2.32632452047195
2017-08-21,2.32902807044124
2017-08-22,2.37632713235515
2017-08-23,2.36201595628682
2017-08-24,2.36217452825076
2017-08-25,2.35820802512654
2017-08-28,2.37215909156997
2017-08-29,2.38457608959165
2017-08-30,2.42185676413036
2017-08-31,2.45854223790255
2017-09-01,2.46227739454608
2017-09-05,2.434207880795
2017-09-06,2.44059843616217
2017-09-07,2.44925873128083
2017-09-08,2.43163690434545
2017-09-11,2.46715013802583
2017-09-12,2.47679991717501
2017-09-13,2.47676228653778
2017-09-14,2.46281670716147
2017-09-15,2.46743443794173
2017-09-18,2.46880229916392
2017-09-19,2.46914138968913
2017-09-20,2.46721596454799
2017-09-21,2.44665139675048
2017-09-22,2.44860479033717
2017-09-25,2.42061026693102
2017-09-26,2.42127275477794
2017-09-27,2.4492081212812
2017-09-28,2.45292352082009
2017-09-29,2.47409756794814
2017-10-02,2.4881016202263
2017-10-03,2.4975853334301
2017-10-04,2.50385944934168
2017-10-05,2.53046089997276
2017-10-06,2.53320792292551
2017-10-09,2.52497186482179
2017-10-10,2.52767219285561
2017-10-11,2.53566968502492
2017-10-12,2.53427065729778
2017-10-13,2.54205190305912
2017-10-16,2.54907096925821
2017-10-17,2.55287424513021
2017-10-18,2.55187574642994
2017-10-19,2.55024666426693
2017-10-20,2.56484919419243
2017-10-23,2.5432106356468
2017-10-24,2.54756746901307
2017-10-25,2.52935844852492
2017-10-26,2.52730612158053
2017-10-27,2.59572853917099
2017-10-30,2.59650823294657
2017-10-31,2.60802110181302
2017-11-01,2.60292954489446
2017-11-02,2.60171204222796
2017-11-03,2.62944932737515
2017-11-06,2.6330611758472
2017-11-07,2.6286066276222
2017-11-08,2.64694519852764
2017-11-09,2.62286936174183
2017-11-10,2.62295636850192
2017-11-13,2.62689436389084
2017-11-14,2.61670651444843
2017-11-15,2.59948185425126
2017-11-16,2.64679181627847
2017-11-17,2.64026691008392
2017-11-20,2.6403462565405
2017-11-21,2.67638424836294
2017-11-22,2.67777872053801
2017-11-24,2.6926872475428
2017-11-27,2.68570414522201
2017-11-28,2.70500407636394
2017-11-29,2.65362765529931
2017-11-30,2.68828987426761
2017-12-01,2.67557454022921
2017-12-04,2.62850695017508
2017-12-05,2.62217405140755
2017-12-06,2.63301085229223
2017-12-07,2.65514890065792
2017-12-08,2.67572927014897
2017-12-11,2.69300107188693
2017-12-12,2.6865381465807
2017-12-13,2.69469688287332
2017-12-14,2.68132306795306
2017-12-15,2.72482913999204
2017-12-18,2.75010879713388
2017-12-19,2.72920275316729
2017-12-20,2.72638262935391
2017-12-21,2.72890177498304
2017-12-22,2.72483836149152
2017-12-26,2.71495656192433
2017-12-27,2.71814360002068
2017-12-28,2.72521317871343
2017-12-29,2.70117350180172
2018-01-02,2.75820151602669
2018-01-03,2.79666744167805
2018-01-04,2.80319385579099
2018-01-05,2.83835776466638
2018-01-08,2.8490642304111
2018-01-09,2.86111313785868
2018-01-10,2.85203279521951
2018-01-11,2.88571015119188
2018-01-12,2.91624069162228
2018-01-16,2.88947176463065
2018-01-17,2.94038494032631
2018-01-18,2.93792910837113
2018-01-19,2.95999288225406
2018-01-22,3.01712685225499
2018-01-23,3.04690152321765
2018-01-24,3.02560086832785
2018-01-25,3.02443432131697
2018-01-26,3.08399540358387
2018-01-29,3.05922925352919
2018-01-30,3.01603539186379
2018-01-31,3.02378724088148
2018-02-01,3.00221285193845
2018-02-02,2.91281660272332
2018-02-05,2.74714803905693
2018-02-06,2.83355517631474
2018-02-07,2.80189994201261
2018-02-08,2.63494107266456
2018-02-09,2.69001212130077
2018-02-12,2.7555034355905
2018-02-13,2.77288708314809
2018-02-14,2.84896912975375
2018-02-15,2.91652012596764
2018-02-16,2.90822601019241
2018-02-20,2.90292578612689
2018-02-21,2.88747874568661
2018-02-22,2.88364016826889
2018-02-23,2.95793292684286
2018-02-26,3.00786931065153
2018-02-27,2.95409186515623
2018-02-28,2.91619530706593
2018-03-01,2.85768920151897
2018-03-02,2.90577107440467
2018-03-05,2.95271988377271
2018-03-06,2.97208619619984
2018-03-07,2.98917506244684
2018-03-08,3.012515762862
2018-03-09,3.08895279544456
2018-03-12,3.10220828323875
2018-03-13,3.05602502295534
2018-03-14,3.04748751614463
2018-03-15,3.03620511977341
2018-03-16,3.03048273219443
2018-03-19,2.95234849702713
2018-03-20,2.95999035932297
2018-03-21,2.94885775620309
2018-03-22,2.840729118939
2018-03-23,2.74063927430412
2018-03-26,2.87376140631421
2018-03-27,2.75017951938131
2018-03-28,2.71943254326016
2018-03-29,2.78164564985093
2018-04-02,2.66435319156777
2018-04-03,2.70658361583483
2018-04-04,2.76775693616007
2018-04-05,2.7917926186394
2018-04-06,2.69461255304284
2018-04-09,2.7274877566502
2018-04-10,2.80814819295903
2018-04-11,2.78848582711424
2018-04-12,2.83162005840031
2018-04-13,2.81027890224731
2018-04-16,2.83720100789666
2018-04-17,2.91283444628672
2018-04-18,2.92279588639207
2018-04-19,2.88337920735967
2018-04-20,2.82953875177937
2018-04-23,2.82228212695262
2018-04-24,2.74774377315054
2018-04-25,2.74646607317882
2018-04-26,2.8158917698566
2018-04-27,2.82037299048111
2018-04-30,2.78590815607715
2018-05-01,2.81917063238521
2018-05-02,2.79383073003169
2018-05-03,2.78973973775712
2018-05-04,2.85655246127197
2018-05-07,2.88881825077793
2018-05-08,2.88736818173508
2018-05-09,2.9346259894974
2018-05-10,2.97273839769171
2018-05-11,2.97480287674029
2018-05-14,2.97674524475997
2018-05-15,2.93546410023545
2018-05-16,2.96005052398382
2018-05-17,2.94981114519119
2018-05-18,2.94235724738504
2018-05-21,2.95943439978366
2018-05-22,2.947446651393
2018-05-23,2.97763683063719
2018-05-24,2.97445739415496
2018-05-25,2.97819393625352
2018-05-29,2.95388975049003
2018-05-30,2.99493548719959
2018-05-31,2.98364692910394
2018-06-01,3.04525526121311
2018-06-04,3.07397260462186
2018-06-05,3.08805068266399
2018-06-06,3.12227360361008
2018-06-07,3.08842454699617
2018-06-08,3.09989026301821
2018-06-11,3.11097268690173
2018-06-12,3.13861338796306
2018-06-13,3.1304576483056
2018-06-14,3.16729507639733
2018-06-15,3.15707714080108
2018-06-18,3.15278857528666
2018-06-19,3.13993710429765
2018-06-20,3.16708133477456
2018-06-21,3.12225455705052
2018-06-22,3.10404913023421
2018-06-25,3.01096628297842
2018-06-26,3.02335175111775
2018-06-27,2.95279556490147
2018-06-28,2.99082750324795
2018-06-29,3.00524478078621
2018-07-02,3.03892411742955
2018-07-03,3.00531569247213
2018-07-05,3.05237262651994
2018-07-06,3.11888252845442
2018-07-09,3.15757608349349
2018-07-10,3.1622164473405
2018-07-11,3.14448611208177
2018-07-12,3.21610841106455
2018-07-13,3.21968088554256
2018-07-16,3.20383058106219
2018-07-17,3.23713216911371
2018-07-18,3.23397172160633
2018-07-19,3.21646351707837
2018-07-20,3.20959899012659
2018-07-23,3.21827794042878
2018-07-24,3.21692629546535
2018-07-25,3.27594712607671
2018-07-26,3.23494184481821
2018-07-27,3.16530337125694
2018-07-30,3.09517289850785
2018-07-31,3.12484067017124
2018-08-01,3.14108850265603
2018-08-02,3.20008044907964
2018-08-03,3.20406399004758
2018-08-06,3.23161362402254
2018-08-07,3.25406070828999
2018-08-08,3.25251994781506
2018-08-09,3.25416410269976
2018-08-10,3.22410917035044
2018-08-13,3.21012882403722
2018-08-14,3.24159775303214
2018-08-15,3.18481403866013
2018-08-16,3.207832630857
2018-08-17,3.20927324879938
2018-08-20,3.21250203408447
2018-08-21,3.23788890644674
2018-08-22,3.25530971261007
2018-08-23,3.24712231083694
2018-08-24,3.29281160331643
2018-08-27,3.3388459348559
2018-08-28,3.34467185203107
2018-08-29,3.39360642093985
2018-08-30,3.37558382771421
2018-08-31,3.38048325804574
2018-09-04,3.36680497545894
2018-09-05,3.31056631214063
2018-09-06,3.27695580200557
2018-09-07,3.26418711490929
2018-09-10,3.28032998661766
2018-09-11,3.30876577377249
2018-09-12,3.30691243732547
2018-09-13,3.34116579192347
2018-09-14,3.33811857354765
2018-09-17,3.27089332005842
2018-09-18,3.30689048084686
2018-09-19,3.29815659792254
2018-09-20,3.34835592776419
2018-09-21,3.32757197847538
2018-09-24,3.33947736340781
2018-09-25,3.34687310225802
2018-09-26,3.34087408179926
2018-09-27,3.3721306224787
2018-09-28,3.37046086449719
2018-10-01,3.37087009624338
2018-10-02,3.34949432261129
2018-10-03,3.3570353865779
2018-10-04,3.26580499011893
2018-10-05,3.21909493158938
2018-10-08,3.18149760009684
2018-10-09,3.17848527591655
2018-10-10,2.98906579160172
2018-10-11,2.92919731268784
2018-10-12,3.03022161928735
2018-10-15,2.98533916081192
2018-10-16,3.11673743493235
2018-10-17,3.11416989399749
2018-10-18,3.01790044240083
2018-10-19,2.99181527468963
2018-10-22,2.99750842193664
2018-10-23,2.98360348464342
2018-10-24,2.78652177360555
2018-10-25,2.91027637153248
2018-10-26,2.82088887453784
2018-10-29,2.76163843185101
2018-10-30,2.82242364649394
2018-10-31,2.8982583590997
2018-11-01,2.97208126243467
2018-11-02,2.92900588610017
2018-11-05,2.92309079968196
2018-11-06,2.94514918150326
2018-11-07,3.06519374184615
2018-11-08,3.03913519925661
2018-11-09,2.9613940835158
2018-11-12,2.84098405097962
2018-11-13,2.84426528243384
2018-11-14,2.80572471246437
2018-11-15,2.8773075969521
2018-11-16,2.87424933384966
2018-11-19,2.74629385326037
2018-11-20,2.68691236342419
2018-11-21,2.72165574746336
2018-11-23,2.70563063767444
2018-11-26,2.78778473446027
2018-11-27,2.78900665396179
2018-11-28,2.91548649348379
2018-11-29,2.90393436819418
2018-11-30,2.93738483318556
2018-12-03,2.99622391877031
2018-12-04,2.83613759973219
2018-12-06,2.85697376547634
2018-12-07,2.72913299429923
2018-12-10,2.76076638123939
2018-12-11,2.76735913823029
2018-12-12,2.80480835197214
2018-12-13,2.79420103599391
2018-12-14,2.70143141056432
2018-12-17,2.61292691390903
2018-12-18,2.62523299744913
2018-12-19,2.5510029087685
2018-12-20,2.49152874103855
2018-12-21,2.38299828193283
2018-12-24,2.30479187600903
2018-12-26,2.49534922686413
2018-12-27,2.51763394931115
2018-12-28,2.51591824296397
2018-12-31,2.55067177121892
2019-01-02,2.55557435783066
2019-01-03,2.45257080114989
2019-01-04,2.60293497817125
2019-01-07,2.65602483845774
2019-01-08,2.70069786352083
2019-01-09,2.72999821966699
2019-01-10,2.749076702668
2019-01-11,2.7424139749813
2019-01-14,2.70545068459911
2019-01-15,2.77143509935043
2019-01-16,2.77201431993104
2019-01-17,2.80273516302071
2019-01-18,2.84776452394664
2019-01-22,2.77463793637006
2019-01-23,2.77484769630295
2019-01-24,2.7958133982336
2019-01-25,2.84616071522244
2019-01-28,2.80067146375936
2019-01-29,2.77281434198007
2019-01-30,2.85717612833616
2019-01-31,2.91185612426924
2019-02-01,2.90959786979493
2019-02-04,2.95384342715562
2019-02-05,2.98443598697684
2019-02-06,2.96835980578568
2019-02-07,2.91608987322978
2019-02-08,2.92859779932397
2019-02-11,2.93283893063615
2019-02-12,2.99586841268392
2019-02-13,3.0015144137503
2019-02-14,3.00584191225339
2019-02-15,3.03687837380547
2019-02-19,3.04199971599983
2019-02-20,3.03492789384527
2019-02-21,3.01611196828784
2019-02-22,3.05761466964564
2019-02-25,3.07890689089142
2019-02-26,3.07703555867435
2019-02-27,3.0863291326485
2019-02-28,3.0711942822696
2019-03-01,3.10029116040295
2019-03-04,3.07752075430201
2019-03-05,3.07345567023185
2019-03-06,3.03427053105305
2019-03-07,2.99450896424072
2019-03-08,2.9863025117743
2019-03-11,3.07026667608796
2019-03-12,3.09122083601145
2019-03-13,3.12670477972619
2019-03-14,3.11996703879664
2019-03-15,3.14941574019828
2019-03-18,3.16290088001679
2019-03-19,3.17356733993918
2019-03-20,3.17022345869818
2019-03-21,3.23753461967468
2019-03-22,3.12255478340298
2019-03-25,3.12158914694384
2019-03-26,3.15137446678991
2019-03-27,3.11867864356394
2019-03-28,3.13553577939729
2019-03-29,3.17632807905041
2019-04-01,3.232730306804
2019-04-02,3.24455228538178
2019-04-03,3.2694789821018
2019-04-04,3.25593095985507
2019-04-05,3.28744725602711
2019-04-08,3.29375573954941
2019-04-09,3.26844428621027
2019-04-10,3.30113022116045
2019-04-11,3.2867090607388
2019-04-12,3.30164835750487
2019-04-15,3.29754093069214
2019-04-16,3.30107928998639
2019-04-17,3.27953438392188
2019-04-18,3.28312819384886
2019-04-22,3.29513717389638
2019-04-23,3.36133818211513
2019-04-24,3.34706677751293
2019-04-25,3.35646897718838
2019-04-26,3.37495178219896
2019-04-29,3.38100033769989
2019-04-30,3.35963292557053
2019-05-01,3.32498416991962
2019-05-02,3.31844771597039
2019-05-03,3.38870843216416
2019-05-06,3.36766402747707
2019-05-07,3.26422002742829
2019-05-08,3.25259831462994
2019-05-09,3.23563427801689
2019-05-10,3.24005362585484
2019-05-13,3.07844184092234
2019-05-14,3.1363926645932
2019-05-15,3.18577405858394
2019-05-16,3.23705580453966
2019-05-17,3.18885901129608
2019-05-20,3.12073794540568
2019-05-21,3.1727479662262
2019-05-22,3.15847638106618
2019-05-23,3.08496663114617
2019-05-24,3.0932835418782
2019-05-28,3.07170000417409
2019-05-29,3.03115123188511
2019-05-30,3.04837968068002
2019-05-31,2.97909082505731
2019-06-03,2.91424061454365
2019-06-04,3.02987099388612
2019-06-05,3.063853488818
2019-06-06,3.0878838456941
2019-06-07,3.15976816489343
2019-06-10,3.19896682689627
2019-06-11,3.19412740574998
2019-06-12,3.1810375900053
2019-06-13,3.20789145123018
2019-06-14,3.1804035158018
2019-06-17,3.2074993386933
2019-06-18,3.26856294229922
2019-06-19,3.29366175474533
2019-06-20,3.34072444818805
2019-06-21,3.32806289111073
2019-06-24,3.31290294133229
2019-06-25,3.23585914508807
2019-06-26,3.24308749794796
2019-06-27,3.27788286427114
2019-06-28,3.30069427010724
2019-07-01,3.3560881338023
2019-07-02,3.37115931865126
2019-07-03,3.41219720681003
2019-07-05,3.39874257932017
2019-07-08,3.36155728709223
2019-07-09,3.3863300534255
2019-07-10,3.42236644196425
2019-07-11,3.41891855567964
2019-07-12,3.44181495647057
2019-07-15,3.45224224933589
2019-07-16,3.42686965058703
2019-07-17,3.40881304199052
2019-07-18,3.42208461241753
2019-07-19,3.37917409819639
2019-07-22,3.40966615881852
2019-07-23,3.43288517851734
2019-07-24,3.47570880799164
2019-07-25,3.42900333734034
2019-07-26,3.47570449854316
2019-07-29,3.45451153068112
2019-07-30,3.44318552853373
2019-07-31,3.37810946691427
2019-08-01,3.35137607780915
2019-08-02,3.28350091655658
2019-08-05,3.11445942661177
2019-08-06,3.17844416878335
2019-08-07,3.19852265672699
2019-08-08,3.30559697231119
2019-08-09,3.2576701236185
2019-08-12,3.19594257108778
2019-08-13,3.28504741018158
2019-08-14,3.13740190777245
2019-08-15,3.13644175326036
2019-08-16,3.2112751284283
2019-08-19,3.27158743075416
2019-08-20,3.24159397558678
2019-08-21,3.28693012118052
2019-08-22,3.2710679134371
2019-08-23,3.13661365262452
2019-08-26,3.19320358270964
2019-08-27,3.17667953108561
2019-08-28,3.18827787468149
2019-08-29,3.25644198841261
2019-08-30,3.24599960223174
2019-09-03,3.19542604535541
2019-09-04,3.25327983706927
2019-09-05,3.33186872139347
2019-09-06,3.32395774873319
2019-09-09,3.31209316991637
2019-09-10,3.30873666497498
2019-09-11,3.35431055747917
2019-09-12,3.36554931427894
2019-09-13,3.35156736645922
2019-09-16,3.34202746660088
2019-09-17,3.36213175954607
2019-09-18,3.35630841774248
2019-09-19,3.3650665660526
2019-09-20,3.32989623986698
2019-09-23,3.32844290478854
2019-09-24,3.25700832664087
2019-09-25,3.29841504665642
2019-09-26,3.2781861341858
2019-09-27,3.22130511884296
2019-09-30,3.25969218491482
2019-10-01,3.20850735459891
2019-10-02,3.13239557018809
2019-10-03,3.18558037016741
2019-10-04,3.25226347764614
2019-10-07,3.2390630946867
2019-10-08,3.15765204850917
2019-10-09,3.20431120031965
2019-10-10,3.23380074688046
2019-10-11,3.29566961653898
2019-10-14,3.29721539111533
2019-10-15,3.35462317819451
2019-10-16,3.33194670026811
2019-10-17,3.3437927515536
2019-10-18,3.29984305737839
2019-10-21,3.33984685390652
2019-10-22,3.30341888664487
2019-10-23,3.31188249199081
2019-10-24,3.35800892371242
2019-10-25,3.39101606925215
2019-10-28,3.43676937154967
2019-10-29,3.41079250167281
2019-10-30,3.43405017620564
2019-10-31,3.42274502088177
2019-11-01,3.4786152625935
2019-11-04,3.49635862175435
2019-11-05,3.49747644604195
2019-11-06,3.48983148663173
2019-11-07,3.50125183390092
2019-11-08,3.53178969320355
2019-11-11,3.52490094593767
2019-11-12,3.54056496429992
2019-11-13,3.5397444509284
2019-11-14,3.54359924988318
2019-11-15,3.58416135961459
2019-11-18,3.59144725923812
2019-11-19,3.60870161235101
2019-11-20,3.59179896137202
2019-11-21,3.5787256055255
2019-11-22,3.58675639062306
2019-11-25,3.65272699659086
2019-11-26,3.66731412982433
2019-11-27,3.70446643665581
2019-11-29,3.68059020160733
2019-12-02,3.61963754651143
2019-12-03,3.59156279433798
2019-12-04,3.61597697737947
2019-12-05,3.62369142919149
2019-12-06,3.67116710690838
2019-12-09,3.64956806856163
2019-12-10,3.64661326891297
2019-12-11,3.66379398848314
2019-12-12,3.70023972514604
2019-12-13,3.7173511087143
2019-12-16,3.76783565602611
2019-12-17,3.76481009492111
2019-12-18,3.76740964757669
2019-12-19,3.79953160339148
2019-12-20,3.82822453275808
2019-12-23,3.83813528533423
2019-12-24,3.8416814576684
2019-12-26,3.87511407172215
2019-12-27,3.86531492797074
2019-12-30,3.82419959412893
2019-12-31,3.83757325023206
2020-01-02,3.91379449437789
2020-01-03,3.86799932494894
2020-01-06,3.90433239952126
2020-01-07,3.90486166056544
2020-01-08,3.95131358685248
2020-01-09,3.99816939260779
2020-01-10,3.98793451484074
2020-01-13,4.0410711464852
2020-01-14,4.0363455748431
2020-01-15,4.04059825530638
2020-01-16,4.09619751850902
2020-01-17,4.11796667182409
2020-01-21,4.11275650583119
2020-01-22,4.12282551448303
2020-01-23,4.13743100520615
2020-01-24,4.07708203876276
2020-01-27,3.9628306255675
2020-01-28,4.04936029494793
2020-01-29,4.05048194367802
2020-01-30,4.07111007777689
2020-01-31,3.9675738790848
2020-02-03,4.05051347367355
2020-02-04,4.18926953744486
2020-02-05,4.21538875036285
2020-02-06,4.25816528515572
2020-02-07,4.22613320106794
2020-02-10,4.29986836578709
2020-02-11,4.30917040596987
2020-02-12,4.36762752684721
2020-02-13,4.36147419024536
2020-02-14,4.38186755272162
2020-02-18,4.38541497458474
2020-02-19,4.44536277893026
2020-02-20,4.3971178268096
2020-02-21,4.28760167431776
2020-02-24,4.0508532834084
2020-02-25,3.87458035411007
2020-02-26,3.87987832699404
2020-02-27,3.6076811140179
2020-02-28,3.61910865029279
2020-03-02,3.85296727714825
2020-03-03,3.67867874131986
2020-03-04,3.90299825696938
2020-03-05,3.73025276950464
2020-03-06,3.61848024236119
2020-03-09,3.2298002754361
2020-03-10,3.46573046997528
2020-03-11,3.21932533702715
2020-03-12,2.77263082255535
2020-03-13,3.1260139565507
2020-03-16,2.57274930296936
2020-03-17,2.79407671756379
2020-03-18,2.62989942238801
2020-03-19,2.68478363499611
2020-03-20,2.54548768049485
2020-03-23,2.52977252201968
2020-03-24,2.82000226172405
2020-03-25,2.8112260387368
2020-03-26,3.03601569075563
2020-03-27,2.88026305254247
2020-03-30,3.0214547998306
2020-03-31,2.97498710842409
2020-04-01,2.78815681682626
2020-04-02,2.85809739988419
2020-04-03,2.80100302850119
2020-04-06,3.08808363080389
2020-04-07,3.07404827805028
2020-04-08,3.19988286880483
2020-04-09,3.22851111195426
2020-04-13,3.25031283002987
2020-04-14,3.44103486649836
2020-04-15,3.36901624645862
2020-04-16,3.45200522971418
2020-04-17,3.53652708757917
2020-04-20,3.49052620322428
2020-04-21,3.30281217780574
2020-04-22,3.43668402681692
2020-04-23,3.42870297896874
2020-04-24,3.51323260855822
2020-04-27,3.57442292156348
2020-04-28,3.49532850136564
2020-04-29,3.65818074142525
2020-04-30,3.63850688767156
2020-05-01,3.47569887989363
2020-05-04,3.54507338646248
2020-05-05,3.61147012211123
2020-05-06,3.6414347657575
2020-05-07,3.7167054139837
2020-05-08,3.79549944528836
2020-05-11,3.85033100648163
2020-05-12,3.73089975231791
2020-05-13,3.64629754067261
2020-05-14,3.69161364534033
2020-05-15,3.7441998686518
2020-05-18,3.86234809686705
2020-05-19,3.8418556759944
2020-05-20,3.95216919408529
2020-05-21,3.89742650022189
2020-05-22,3.92243211703521
2020-05-26,3.92188286877478
2020-05-27,3.96168748471503
2020-05-28,3.95330639588763
2020-05-29,4.02922293309226
2020-06-01,4.06513960890022
2020-06-02,4.10231509400499
2020-06-03,4.13628929979989
2020-06-04,4.08163317378129
2020-06-05,4.19881889445723
2020-06-08,4.26474164012575
2020-06-09,4.27240615403272
2020-06-10,4.3299470766532
2020-06-11,3.98729402154696
2020-06-12,4.04515191650409
2020-06-15,4.12771704843794
2020-06-16,4.23959546340244
2020-06-17,4.24636789680974
2020-06-18,4.27074615605217
2020-06-19,4.27778349091188
2020-06-22,4.35018854967679
2020-06-23,4.38977929251041
2020-06-24,4.24521851292555
2020-06-25,4.31294518024009
2020-06-26,4.17024659131329
2020-06-29,4.22500810326212
2020-06-30,4.34271533299664
2020-07-01,4.4162035507886
2020-07-02,4.4604343427986
2020-07-06,4.605350207477
2020-07-07,4.5612921034507
2020-07-08,4.65423282716129
2020-07-09,4.69170287823008
2020-07-10,4.73333075904579
2020-07-13,4.57080354555794
2020-07-14,4.63926996248698
2020-07-15,4.67599128043423
2020-07-16,4.62724865929825
2020-07-17,4.65187940161555
2020-07-20,4.83372088293617
2020-07-21,4.76181762960392
2020-07-22,4.78906530886804
2020-07-23,4.62839119085771
2020-07-24,4.55810460884674
2020-07-27,4.68066202514286
2020-07-28,4.59443583456472
2020-07-29,4.67626992556257
2020-07-30,4.69600282028981
2020-07-31,4.77610022808322
2020-08-03,4.88498875599872
2020-08-04,4.90411340083417
2020-08-05,4.93321026715205
2020-08-06,4.99604895810415
2020-08-07,4.92372355719085
2020-08-10,4.89142376453878
2020-08-11,4.76513933481884
2020-08-12,4.92036542008198
2020-08-13,4.94383758186663
2020-08-14,4.92863387966043
2020-08-17,5.01627386224974
2020-08-18,5.07484173231147
2020-08-19,5.02515404132533
2020-08-20,5.11065388091107
2020-08-21,5.14210980946944
2020-08-24,5.187090721185
2020-08-25,5.24916890332623
2020-08-26,5.42217439434501
2020-08-27,5.39993799817192
2020-08-28,5.44738649113785
2020-08-31,5.50485696875514
2020-09-01,5.63221156579375
2020-09-02,5.71452054172446
2020-09-03,5.27288284651796
2020-09-04,5.1578218616943
2020-09-08,4.82290161179795
2020-09-09,5.0271243659878
2020-09-10,4.88475462484563
2020-09-11,4.84305856666084
2020-09-14,4.98867397722266
2020-09-15,5.08859394315508
2020-09-16,4.99140973687017
2020-09-17,4.88879556213713
2020-09-18,4.81139126888398
2020-09-21,4.81692014647062
2020-09-22,4.93681482868827
2020-09-23,4.7170074904532
2020-09-24,4.73665578800037
2020-09-25,4.90261841008019
2020-09-28,5.04613364530422
2020-09-29,5.01903439759063
2020-09-30,5.07627928103253
2020-10-01,5.19148975087109
2020-10-02,5.00531108280296
2020-10-05,5.17351885423225
2020-10-06,5.04796753226745
2020-10-07,5.20416619206041
2020-10-08,5.23950375348327
2020-10-09,5.35360582101981
2020-10-12,5.54896909065684
2020-10-13,5.5496273168112
2020-10-14,5.49067379366578
2020-10-15,5.443687707776
2020-10-16,5.41550613683616
2020-10-19,5.28827536060354
2020-10-20,5.30535390113185
2020-10-21,5.27097053107788
2020-10-22,5.28128469373618
2020-10-23,5.31033663716745
2020-10-26,5.165331980237
2020-10-27,5.21059382448899
2020-10-28,4.92823351206572
2020-10-29,5.02856296120924
2020-10-30,4.86196516418234
2020-11-02,4.8886185345665
2020-11-03,5.02075435478337
2020-11-04,5.33377987452484
2020-11-05,5.53943792960287
2020-11-06,5.53669212358481
2020-11-09,5.3846738495738
2020-11-10,5.26073005808846
2020-11-11,5.4260382687291
2020-11-12,5.38341161054772
2020-11-13,5.46140762670851
2020-11-16,5.51956914607374
2020-11-17,5.51167928083383
2020-11-18,5.44393778676974
2020-11-19,5.51790393389658
2020-11-20,5.47925901709493
2020-11-23,5.50952066809755
2020-11-24,5.6129589226116
2020-11-25,5.66228686707387
2020-11-27,5.74552175021055
2020-11-30,5.73902448285499
2020-12-01,5.82328362347269
2020-12-02,5.81422388288293
2020-12-03,5.83154363871641
2020-12-04,5.88966149049087
2020-12-07,5.92734517941902
2020-12-08,5.96777900143005
2020-12-09,5.77400824216515
2020-12-10,5.81794706476124
2020-12-11,5.80483424432976
2020-12-14,5.8620270217164
2020-12-15,5.97001011739067
2020-12-16,6.01910239243965
2020-12-17,6.10443517946728
2020-12-18,6.10245373573655
2020-12-21,6.09486833782353
2020-12-22,6.14030959280658
2020-12-23,6.1002936019236
2020-12-24,6.12881113253923
2020-12-28,6.16622323526345
2020-12-29,6.14682361246659
2020-12-30,6.16038521596833
2020-12-31,6.17824137021019
2021-01-04,6.05118846928981
2021-01-05,6.1262547160732
2021-01-06,6.06164975989003
2021-01-07,6.30446899069924
2021-01-08,6.40984357837625
2021-01-11,6.29783950877847
2021-01-12,6.31297607903197
2021-01-13,6.34674299164678
2021-01-14,6.31281372605123
2021-01-15,6.22273345855947
2021-01-19,6.37140796839192
2021-01-20,6.55745368092027
2021-01-21,6.61640586792866
2021-01-22,6.60357998358242
2021-01-25,6.66916810234897
2021-01-26,6.65118951736283
2021-01-27,6.36903695874859
2021-01-28,6.43751090012518
2021-01-29,6.24406783066085
2021-02-01,6.47153196863069
2021-02-02,6.64146031485188
2021-02-03,6.60453674968714
2021-02-04,6.72844291495847
2021-02-05,6.79313379130511
2021-02-08,6.87728402172051
2021-02-09,6.88686110107967
2021-02-10,6.8557507893281
2021-02-11,6.90483748224254
2021-02-12,6.96253196392689
2021-02-16,6.91056709231869
2021-02-17,6.85535366189364
2021-02-18,6.78275411350624
2021-02-19,6.77394781571528
2021-02-22,6.50451936903281
2021-02-23,6.46244302329536
2021-02-24,6.56207531121938
2021-02-25,6.19338371235074
2021-02-26,6.23314241847038
2021-03-01,6.51614140617242
2021-03-02,6.34821695707901
2021-03-03,6.05755977654752
2021-03-04,5.87096391215856
2021-03-05,6.00863784313049
2021-03-08,5.78399786110377
2021-03-09,6.10822109845
2021-03-10,6.09795375620764
2021-03-11,6.32320297065938
2021-03-12,6.25792043842708
2021-03-15,6.36176892339938
2021-03-16,6.36574842283641
2021-03-17,6.40703486623355
2021-03-18,6.10533946264547
2021-03-19,6.15930548046772
2021-03-22,6.30559159505025
2021-03-23,6.22095982611466
2021-03-24,6.05004089958976
2021-03-25,6.06629837051017
2021-03-26,6.21739039905243
2021-03-29,6.17575850185133
2021-03-30,6.15543244451311
2021-03-31,6.29935632653149
2021-04-01,6.46553298778554
2021-04-05,6.63061646840673
2021-04-06,6.63258249119313
2021-04-07,6.61915598915665
2021-04-08,6.72549923594237
2021-04-09,6.78540305611237
2021-04-12,6.7737993034712
2021-04-13,6.88542502535605
2021-04-14,6.78193600806694
2021-04-15,6.9252942789015
2021-04-16,6.94320167309182
2021-04-19,6.83581147156881
2021-04-20,6.74754373078787
2021-04-21,6.8547652739326
2021-04-22,6.75339816369756
2021-04-23,6.89294672651303
2021-04-26,6.97716613572248
2021-04-27,6.9313999357243
2021-04-28,6.88767735923359
2021-04-29,6.90177309102009
2021-04-30,6.82172591955315
2021-05-03,6.7680187480252
2021-05-04,6.58317930693935
2021-05-05,6.54580159475954
2021-05-06,6.60106198043971
2021-05-07,6.69236915062178
2021-05-10,6.44818354029793
2021-05-11,6.43654773113185
2021-05-12,6.17750378661446
2021-05-13,6.24958044732143
2021-05-14,6.46460321314765
2021-05-17,6.40581435048647
2021-05-18,6.34761677517833
2021-05-19,6.35023736088934
2021-05-20,6.53645652451622
2021-05-21,6.49327398192763
2021-05-24,6.63749401405795
2021-05-25,6.63976992941048
2021-05-26,6.69101052001134
2021-05-27,6.67140384503407
2021-05-28,6.70210101445861
2021-06-01,6.67407132416653
2021-06-02,6.68372605600575
2021-06-03,6.57854473758271
2021-06-04,6.74566292911602
2021-06-07,6.79256454415473
2021-06-08,6.80819360895323
2021-06-09,6.80657058434887
2021-06-10,6.91301593199703
2021-06-11,6.95024255949113
2021-06-14,7.03080552264744
2021-06-15,6.94728971147981
2021-06-16,6.9066334721047
2021-06-17,7.02026937842328
2021-06-18,6.93868312642921
2021-06-21,7.01349195525354
2021-06-22,7.10653262792798
2021-06-23,7.11186693774818
2021-06-24,7.18594120331981
2021-06-25,7.19185198446424
2021-06-28,7.31168270419092
2021-06-29,7.34307403546206
2021-06-30,7.31807674875131
2021-07-01,7.33433873920761
2021-07-02,7.44369435571483
2021-07-06,7.47524649700661
2021-07-07,7.48410946507476
2021-07-08,7.4052437299173
2021-07-09,7.49259288838508
2021-07-12,7.52180516994887
2021-07-13,7.49229680828501
2021-07-14,7.4769950441654
2021-07-15,7.39955644485357
2021-07-16,7.30948701867854
2021-07-19,7.21205365915394
2021-07-20,7.37669754988258
2021-07-21,7.47432509365125
2021-07-22,7.54022273341579
2021-07-23,7.66548066800981
2021-07-26,7.66640786159488
2021-07-27,7.53601770102063
2021-07-28,7.60003557271917
2021-07-29,7.6347573892843
2021-07-30,7.57701218290787
2021-08-02,7.58018969260904
2021-08-03,7.6578066860319
2021-08-04,7.67750115784883
2021-08-05,7.75999072579546
2021-08-06,7.70884617551909
2021-08-09,7.73399634856255
2021-08-10,7.67787460416628
2021-08-11,7.65705472424349
2021-08-12,7.70161783467547
2021-08-13,7.72571329561761
2021-08-16,7.70832995639882
2021-08-17,7.60654630643281
2021-08-18,7.49590886787423
2021-08-19,7.52667320331535
2021-08-20,7.6601446458839
2021-08-23,7.84084753842706
2021-08-24,7.88990177591833
2021-08-25,7.9122503864113
2021-08-26,7.83505960757133
2021-08-27,7.97009959101714
2021-08-30,8.08172029501165
2021-08-31,8.06354092155112
2021-09-01,8.08968008125118
2021-09-02,8.09529865054051
2021-09-03,8.12768189598902
2021-09-07,8.10692088832821
2021-09-08,8.05291915310811
2021-09-09,8.00997589973757
2021-09-10,7.9172910055107
2021-09-13,7.89659989483023
2021-09-14,7.85414417670836
2021-09-15,7.95415489021297
2021-09-16,7.97007490704777
2021-09-17,7.85101638069709
2021-09-20,7.58919906606303
2021-09-21,7.60450344690656
2021-09-22,7.71739303897809
2021-09-23,7.84781093338893
2021-09-24,7.84931208067782
2021-09-27,7.7609064510225
2021-09-28,7.40737257928161
2021-09-29,7.38951130902605
2021-09-30,7.32951201535335
2021-10-01,7.41871418045538
2021-10-04,7.1737595665778
2021-10-05,7.31800837906332
2021-10-06,7.38062954836311
2021-10-07,7.5026063877608
2021-10-08,7.44248154379625
2021-10-11,7.36618908031581
2021-10-12,7.36028107923316
2021-10-13,7.45967731377955
2021-10-14,7.66676716196953
2021-10-15,7.73434099293867
2021-10-18,7.84065523690498
2021-10-19,7.93774160569424
2021-10-20,7.93493964777391
2021-10-21,8.01234249052194
2021-10-22,7.92151249916702
2021-10-25,8.04578007992112
2021-10-26,8.06087589227966
2021-10-27,8.05326444414646
2021-10-28,8.21954383952053
2021-10-29,8.28254372842827
2021-11-01,8.34679480132121
2021-11-02,8.38949410900441
2021-11-03,8.51339204840271
2021-11-04,8.65184915463487
2021-11-05,8.6457905739548
2021-11-08,8.65507603845366
2021-11-09,8.56736463793688
2021-11-10,8.35922009216274
2021-11-11,8.40861617892977
2021-11-12,8.54736454622294
2021-11-15,8.53061603217523
2021-11-16,8.63057821495698
2021-11-17,8.61028392023932
2021-11-18,8.69465691403829
2021-11-19,8.75964583021405
2021-11-22,8.59560331867241
2021-11-23,8.52571896864887
2021-11-24,8.57246970782288
2021-11-26,8.30110805229587
2021-11-29,8.56224711289756
2021-11-30,8.32385179186223
2021-12-01,8.06413234820095
2021-12-02,8.19401166620219
2021-12-03,7.94118584011454
2021-12-06,8.04320469215068
2021-12-07,8.43205593092948
2021-12-08,8.49890600423092
2021-12-09,8.28429412832516
2021-12-10,8.41235059960698
2021-12-13,8.24448375993128
2021-12-14,8.08845171845888
2021-12-15,8.371677614164
2021-12-16,8.04599677856475
2021-12-17,7.99949715918314
2021-12-20,7.84880513022528
2021-12-21,8.13652383676566
2021-12-22,8.28421079316737
2021-12-23,8.38706704747364
2021-12-27,8.58258114811715
2021-12-28,8.519643288221
2021-12-29,8.51754885178232
2021-12-30,8.48685958854385
2021-12-31,8.40365808270101
2022-01-03,8.51170176213208
2022-01-04,8.34182216610371
2022-01-05,7.90814104133361
2022-01-06,7.90550364344037
2022-01-07,7.77067463846874
2022-01-10,7.79019607521776
2022-01-11,7.97650022469909
2022-01-12,8.00736230238928
2022-01-13,7.68915691376983
2022-01-14,7.75035545878445
2022-01-18,7.43744731287843
2022-01-19,7.30430214220339
2022-01-20,7.15519324551671
2022-01-21,6.84472245744956
2022-01-24,6.93600318372559
2022-01-25,6.66512555730451
2022-01-26,6.64410308928406
2022-01-27,6.52263088981053
2022-01-28,6.84428865878959
2022-01-31,7.19811844105636
2022-02-01,7.27902931138794
2022-02-02,7.33773320668882
2022-02-03,6.89145005420069
2022-02-04,7.04114446316136
2022-02-07,6.97637521547586
2022-02-08,7.10288156975105
2022-02-09,7.35593863737236
2022-02-10,7.09919195903597
2022-02-11,6.76715766614935
2022-02-14,6.75976904519196
2022-02-15,7.01910728084676
2022-02-16,7.0117115460032
2022-02-17,6.66540837063973
2022-02-18,6.54096481867962
2022-02-22,6.42682811130777
2022-02-23,6.1746465823157
2022-02-24,6.50259993587071
2022-02-25,6.67425145505059
2022-02-28,6.72197312209827
2022-03-01,6.55564174454151
2022-03-02,6.72555991152777
2022-03-03,6.56743543493827
2022-03-04,6.41507010144893
2022-03-07,6.04712094248855
2022-03-08,6.00805024547437
2022-03-09,6.35273471614618
2022-03-10,6.24377380838262
2022-03-11,6.03408456846897
2022-03-14,5.85006110897053
2022-03-15,6.11426927874079
2022-03-16,6.46856188327833
2022-03-17,6.60854280252469
2022-03-18,6.82299072729975
2022-03-21,6.77717082154856
2022-03-22,6.98359854930841
2022-03-23,6.8018982143876
2022-03-24,7.01699786602272
2022-03-25,6.99468364752705
2022-03-28,7.15520077577217
2022-03-29,7.36171651647324
2022-03-30,7.22317831289224
2022-03-31,7.0661530914066
2022-04-01,7.08440380058078
2022-04-04,7.29669261876529
2022-04-05,7.04461086559725
2022-04-06,6.80801789339834
2022-04-07,6.83977977016261
2022-04-08,6.70591764112046
2022-04-11,6.4870397402937
2022-04-12,6.44117064671744
2022-04-13,6.64070983738064
2022-04-14,6.41888625603356
2022-04-18,6.39995313212534
2022-04-19,6.61578525285948
2022-04-20,6.49019573288503
2022-04-21,6.27005725145292
2022-04-22,6.0038127643966
2022-04-25,6.12478181873975
2022-04-26,5.76253121423724
2022-04-27,5.76174769815707
2022-04-28,6.04899081055189
2022-04-29,5.6509164981053
2022-05-02,5.79132233818954
2022-05-03,5.80895951228012
2022-05-04,6.11264946448435
2022-05-05,5.6458140371196
2022-05-06,5.5135044661078
2022-05-09,5.15992976539734
2022-05-10,5.24202324029566
2022-05-11,5.00195805767059
2022-05-12,5.01774220165919
2022-05-13,5.29988616054795
2022-05-16,5.20714529264893
2022-05-17,5.41275421897983
2022-05-18,5.02141098820551
2022-05-19,5.01435504811313
2022-05-20,5.00668322749341
2022-05-23,5.12040092213627
2022-05-24,4.95203700500051
2022-05-25,5.07309898609495
2022-05-26,5.27906678864946
2022-05-27,5.54184782095778
2022-05-31,5.48232816044246
2022-06-01,5.41980351607748
2022-06-02,5.65821856257347
2022-06-03,5.45437450845134
2022-06-06,5.48348284871186
2022-06-07,5.57063457941504
2022-06-08,5.49981054645911
2022-06-09,5.27307049518753
2022-06-10,4.98397207118176
2022-06-13,4.62593920088959
2022-06-14,4.6361573520885
2022-06-15,4.79816737823422
2022-06-16,4.50251736017069
2022-06-17,4.59630503975413
2022-06-21,4.75881920325411
2022-06-22,4.75665534420085
2022-06-23,4.89148951185635
2022-06-24,5.1473864129219
2022-06-27,5.08834308490631
2022-06-28,4.85547995214309
2022-06-29,4.85506477902724
2022-06-30,4.76952876255043
2022-07-01,4.84006780650256
2022-07-05,4.95672342300285
2022-07-06,4.98396598140813
2022-07-07,5.14514142362318
2022-07-08,5.15503623240391
2022-07-11,4.9930215744678
2022-07-12,4.90377341421074
2022-07-13,4.88338786814499
2022-07-14,4.87756646745648
2022-07-15,5.01363551115535
2022-07-18,4.95268514147457
2022-07-19,5.17467229229371
2022-07-20,5.29840995658562
2022-07-21,5.41245576199882
2022-07-22,5.27290479048916
2022-07-25,5.23636219596647
2022-07-26,5.08466167931141
2022-07-27,5.38201544194512
2022-07-28,5.4797668606137
2022-07-29,5.61871799900733
2022-08-01,5.60636053885928
2022-08-02,5.58229458664864
2022-08-03,5.80247892014103
2022-08-04,5.84740977194349
2022-08-05,5.80391831879527
2022-08-08,5.79047744062303
2022-08-09,5.68035283775658
2022-08-10,5.93591496272548
2022-08-11,5.88315837645411
2022-08-12,6.06012697712795
2022-08-15,6.12541512496262
2022-08-16,6.10021176118066
2022-08-17,5.98034717029359
2022-08-18,6.00323480139254
2022-08-19,5.82078645698172
2022-08-22,5.59200285255106
2022-08-23,5.58149688655002
2022-08-24,5.62285074904099
2022-08-25,5.76240925275292
2022-08-26,5.41121028906964
2022-08-29,5.32968816723348
2022-08-30,5.24619463288757
2022-08-31,5.19956045749373
2022-09-01,5.19346082550443
2022-09-02,5.08962282591839
2022-09-06,5.03807478374204
2022-09-07,5.20467240509483
2022-09-08,5.27291778824414
2022-09-09,5.43949165812356
2022-09-12,5.53161661344305
2022-09-13,5.09457717899032
2022-09-14,5.1456827472958
2022-09-15,5.02113050619345
2022-09-16,4.96062847395007
2022-09-19,5.01389623224429
2022-09-20,4.93092063890778
2022-09-21,4.79945394198288
2022-09-22,4.69881458662644
2022-09-23,4.5826459848147
2022-09-26,4.52975297227523
2022-09-27,4.54503680232693
2022-09-28,4.69569550049033
2022-09-29,4.50977428332767
2022-09-30,4.40577240209718
2022-10-03,4.56434599012606
2022-10-04,4.79374078256025
2022-10-05,4.78039372978567
2022-10-06,4.72538275027562
2022-10-07,4.46524187234485
2022-10-10,4.38546837779843
2022-10-11,4.31577111683463
2022-10-12,4.30360567606001
2022-10-13,4.43958486737106
2022-10-14,4.24800273360728
2022-10-17,4.45676745127461
2022-10-18,4.52709616776885
2022-10-19,4.46276385603637
2022-10-20,4.42295316561799
2022-10-21,4.58056432523666
2022-10-24,4.65063984766778
2022-10-25,4.80713939476921
2022-10-26,4.69885929539683
2022-10-27,4.61145085813259
2022-10-28,4.79489007504508
2022-10-31,4.72254591931615
2022-11-01,4.66954865392186
2022-11-02,4.43944182117004
2022-11-03,4.33221507361749
2022-11-04,4.40328120455376
2022-11-07,4.46718754185914
2022-11-08,4.52299249785462
2022-11-09,4.37635586460775
2022-11-10,4.84490060313565
2022-11-11,4.96362658874584
2022-11-14,4.88968693456378
2022-11-15,4.98982675096148
2022-11-16,4.88402916674591
2022-11-17,4.8455900230627
2022-11-18,4.85161826116955
2022-11-21,4.78249380748506
2022-11-22,4.88703479855101
2022-11-23,4.95451832977687
2022-11-25,4.92387075094538
2022-11-28,4.81257883189365
2022-11-29,4.76964298077819
2022-11-30,5.06855112406154
2022-12-01,5.08218158997107
2022-12-02,5.06344658586942
2022-12-05,4.90698233295123
2022-12-06,4.76027598497927
2022-12-07,4.74132408076182
2022-12-08,4.82425445104398
2022-12-09,4.77089619626622
2022-12-12,4.86558778338744
2022-12-13,4.94551924290475
2022-12-14,4.90117223579544
2022-12-15,4.6776315753127
2022-12-16,4.60927478420416
2022-12-19,4.51494342054048
2022-12-20,4.51635760746185
2022-12-21,4.61306249562434
2022-12-22,4.46679064368047
2022-12-23,4.47255873499989
2022-12-27,4.38630623555288
2022-12-28,4.3063729564999
2022-12-29,4.45694416228173
2022-12-30,4.44923379193312
2023-01-03,4.41467992760295
2023-01-04,4.46468087771815
2023-01-05,4.35728143956029
2023-01-06,4.5108092947081
2023-01-09,4.54878823809076
2023-01-10,4.6083600726716
2023-01-11,4.71630624888753
2023-01-12,4.75606082756127
2023-01-13,4.79748960816827
2023-01-17,4.80371810231122
2023-01-18,4.71255177406425
2023-01-19,4.63369655472206
2023-01-20,4.81113946269307
2023-01-23,4.95655002070714
2023-01-24,4.93722653785315
2023-01-25,4.92549262315212
2023-01-26,5.04834010275637
2023-01-27,5.11588065599704
2023-01-30,4.97152483201675
2023-01-31,5.09929142730903
2023-02-01,5.25090229414555
2023-02-02,5.47772683590579
2023-02-03,5.32958971126316
2023-02-06,5.25863351253303
2023-02-07,5.40179133797386
2023-02-08,5.2703583615119
2023-02-09,5.20258563266461
2023-02-10,5.15751466492904
2023-02-13,5.27730312316775
2023-02-14,5.32105925077572
2023-02-15,5.38878390227914
2023-02-16,5.23596868563028
2023-02-17,5.18670250864974
2023-02-21,4.99449742537154
2023-02-22,5.00584488829927
2023-02-23,5.05676039453233
2023-02-24,4.93047458039364
2023-02-27,4.97993425194614
2023-02-28,4.97187040768869
2023-03-01,4.92533094736407
2023-03-02,4.98727986585083
2023-03-03,5.133315769305
2023-03-06,5.12564052187831
2023-03-07,5.02305625135501
2023-03-08,5.04874574530867
2023-03-09,4.89984732387794
2023-03-10,4.77740127776683
2023-03-13,4.81447765806007
2023-03-14,4.96520565518744
2023-03-15,4.96565081907155
2023-03-16,5.13991993232435
2023-03-17,5.07518296714241
2023-03-20,5.11401122432773
2023-03-21,5.23053916011739
2023-03-22,5.10137521010688
2023-03-23,5.17810089563498
2023-03-24,5.20546162819986
2023-03-27,5.17467190127158
2023-03-28,5.14266970279188
2023-03-29,5.28193772823809
2023-03-30,5.34022258703223
2023-03-31,5.48562095046105
2023-04-03,5.46397145562769
2023-04-04,5.42601266688592
2023-04-05,5.34759841249464
2023-04-06,5.39303635549827
2023-04-10,5.39137165609406
